id,From,To,Voltage,Reactance,Resistance,Circuits,ThermalLimit
1,IR,CR,220,2.308285036,0.425590054,1,100
2,CR,DE,220,2.114328719,0.389829358,1,100
3,DE,IT,220,2.969431856,0.547488998,1,100
